fecha=2022-01-01, casosComunidad=5260, hombres=2481, mujeres=2777, casosAlicante=2046, casosCastellon=593, casosValencia=2621
fecha=2022-01-02, casosComunidad=6351, hombres=3010, mujeres=3340, casosAlicante=2351, casosCastellon=769, casosValencia=3231
fecha=2022-01-03, casosComunidad=17502, hombres=8238, mujeres=9263, casosAlicante=6045, casosCastellon=2059, casosValencia=9398
fecha=2022-01-04, casosComunidad=21799, hombres=10181, mujeres=11615, casosAlicante=7559, casosCastellon=2846, casosValencia=11394
fecha=2022-01-05, casosComunidad=23352, hombres=10976, mujeres=12375, casosAlicante=7796, casosCastellon=2928, casosValencia=12628
fecha=2022-01-06, casosComunidad=7603, hombres=3598, mujeres=4000, casosAlicante=2885, casosCastellon=1026, casosValencia=3692
fecha=2022-01-07, casosComunidad=20224, hombres=9402, mujeres=10817, casosAlicante=7296, casosCastellon=2675, casosValencia=10253
fecha=2022-01-08, casosComunidad=11481, hombres=5354, mujeres=6113, casosAlicante=4016, casosCastellon=1536, casosValencia=5929
fecha=2022-01-09, casosComunidad=9060, hombres=4236, mujeres=4816, casosAlicante=3613, casosCastellon=1364, casosValencia=4083
fecha=2022-01-10, casosComunidad=24843, hombres=11655, mujeres=13185, casosAlicante=8606, casosCastellon=3392, casosValencia=12845
fecha=2022-01-11, casosComunidad=23981, hombres=11310, mujeres=12666, casosAlicante=8664, casosCastellon=3354, casosValencia=11963
fecha=2022-01-12, casosComunidad=23533, hombres=10987, mujeres=12544, casosAlicante=8658, casosCastellon=3327, casosValencia=11548
fecha=2022-01-13, casosComunidad=22277, hombres=10505, mujeres=11767, casosAlicante=8183, casosCastellon=3186, casosValencia=10908
fecha=2022-01-14, casosComunidad=21289, hombres=10200, mujeres=11087, casosAlicante=7657, casosCastellon=2929, casosValencia=10703
fecha=2022-01-15, casosComunidad=11491, hombres=5437, mujeres=6050, casosAlicante=4098, casosCastellon=1638, casosValencia=5755
fecha=2022-01-16, casosComunidad=7458, hombres=3562, mujeres=3894, casosAlicante=2964, casosCastellon=1083, casosValencia=3411
fecha=2022-01-17, casosComunidad=24896, hombres=11934, mujeres=12958, casosAlicante=7940, casosCastellon=3237, casosValencia=13719
fecha=2022-01-18, casosComunidad=22003, hombres=10661, mujeres=11340, casosAlicante=7364, casosCastellon=2698, casosValencia=11941
fecha=2022-01-19, casosComunidad=24026, hombres=11273, mujeres=12751, casosAlicante=7950, casosCastellon=3165, casosValencia=12911
fecha=2022-01-20, casosComunidad=21364, hombres=9981, mujeres=11379, casosAlicante=6826, casosCastellon=2982, casosValencia=11556
fecha=2022-01-21, casosComunidad=21982, hombres=10426, mujeres=11555, casosAlicante=6885, casosCastellon=2789, casosValencia=12308
fecha=2022-01-22, casosComunidad=9800, hombres=4645, mujeres=5154, casosAlicante=3280, casosCastellon=1510, casosValencia=5010
fecha=2022-01-23, casosComunidad=6584, hombres=3081, mujeres=3501, casosAlicante=2026, casosCastellon=971, casosValencia=3587
fecha=2022-01-24, casosComunidad=24704, hombres=11592, mujeres=13110, casosAlicante=7668, casosCastellon=3275, casosValencia=13761
fecha=2022-01-25, casosComunidad=21464, hombres=10233, mujeres=11230, casosAlicante=7049, casosCastellon=2808, casosValencia=11607
fecha=2022-01-26, casosComunidad=19226, hombres=8926, mujeres=10298, casosAlicante=6161, casosCastellon=2381, casosValencia=10684
fecha=2022-01-27, casosComunidad=15682, hombres=7249, mujeres=8429, casosAlicante=5155, casosCastellon=2088, casosValencia=8439
fecha=2022-01-28, casosComunidad=14893, hombres=6941, mujeres=7950, casosAlicante=4920, casosCastellon=1857, casosValencia=8116
fecha=2022-01-29, casosComunidad=6038, hombres=2769, mujeres=3269, casosAlicante=1996, casosCastellon=769, casosValencia=3273
fecha=2022-01-30, casosComunidad=3107, hombres=1504, mujeres=1603, casosAlicante=1241, casosCastellon=450, casosValencia=1416
fecha=2022-01-31, casosComunidad=14098, hombres=6695, mujeres=7403, casosAlicante=4227, casosCastellon=1821, casosValencia=8050
fecha=2022-02-01, casosComunidad=12441, hombres=5696, mujeres=6744, casosAlicante=3917, casosCastellon=1614, casosValencia=6910
fecha=2022-02-02, casosComunidad=10670, hombres=4843, mujeres=5825, casosAlicante=3267, casosCastellon=1317, casosValencia=6086
fecha=2022-02-03, casosComunidad=9064, hombres=4146, mujeres=4918, casosAlicante=2869, casosCastellon=1064, casosValencia=5131
fecha=2022-02-04, casosComunidad=8082, hombres=3745, mujeres=4333, casosAlicante=2612, casosCastellon=1046, casosValencia=4424
fecha=2022-02-05, casosComunidad=3475, hombres=1570, mujeres=1904, casosAlicante=1026, casosCastellon=497, casosValencia=1952
fecha=2022-02-06, casosComunidad=1724, hombres=779, mujeres=943, casosAlicante=637, casosCastellon=245, casosValencia=842
fecha=2022-02-07, casosComunidad=9050, hombres=4127, mujeres=4922, casosAlicante=2825, casosCastellon=988, casosValencia=5237
fecha=2022-02-08, casosComunidad=7138, hombres=3275, mujeres=3861, casosAlicante=2234, casosCastellon=789, casosValencia=4115
fecha=2022-02-09, casosComunidad=6682, hombres=3136, mujeres=3544, casosAlicante=2065, casosCastellon=709, casosValencia=3908
fecha=2022-02-10, casosComunidad=5727, hombres=2588, mujeres=3138, casosAlicante=1857, casosCastellon=627, casosValencia=3243
fecha=2022-02-11, casosComunidad=4525, hombres=2064, mujeres=2461, casosAlicante=1503, casosCastellon=513, casosValencia=2509
fecha=2022-02-12, casosComunidad=1984, hombres=872, mujeres=1112, casosAlicante=644, casosCastellon=223, casosValencia=1117
fecha=2022-02-13, casosComunidad=1046, hombres=465, mujeres=581, casosAlicante=375, casosCastellon=119, casosValencia=552
fecha=2022-02-14, casosComunidad=4947, hombres=2249, mujeres=2697, casosAlicante=1580, casosCastellon=558, casosValencia=2809
fecha=2022-02-15, casosComunidad=3980, hombres=1802, mujeres=2177, casosAlicante=1254, casosCastellon=407, casosValencia=2319
fecha=2022-02-16, casosComunidad=3515, hombres=1528, mujeres=1983, casosAlicante=1189, casosCastellon=351, casosValencia=1975
fecha=2022-02-17, casosComunidad=2833, hombres=1277, mujeres=1555, casosAlicante=944, casosCastellon=300, casosValencia=1589
fecha=2022-02-18, casosComunidad=2706, hombres=1215, mujeres=1491, casosAlicante=906, casosCastellon=293, casosValencia=1507
fecha=2022-02-19, casosComunidad=1107, hombres=501, mujeres=605, casosAlicante=323, casosCastellon=122, casosValencia=662
fecha=2022-02-20, casosComunidad=645, hombres=270, mujeres=374, casosAlicante=228, casosCastellon=83, casosValencia=334
fecha=2022-02-21, casosComunidad=2774, hombres=1254, mujeres=1518, casosAlicante=887, casosCastellon=295, casosValencia=1592
fecha=2022-02-22, casosComunidad=2348, hombres=1023, mujeres=1324, casosAlicante=810, casosCastellon=240, casosValencia=1298
fecha=2022-02-23, casosComunidad=2124, hombres=904, mujeres=1217, casosAlicante=731, casosCastellon=195, casosValencia=1198
fecha=2022-02-24, casosComunidad=1955, hombres=862, mujeres=1092, casosAlicante=649, casosCastellon=218, casosValencia=1088
fecha=2022-02-25, casosComunidad=1646, hombres=726, mujeres=917, casosAlicante=556, casosCastellon=169, casosValencia=921
fecha=2022-02-26, casosComunidad=731, hombres=305, mujeres=421, casosAlicante=239, casosCastellon=82, casosValencia=410
fecha=2022-02-27, casosComunidad=423, hombres=185, mujeres=238, casosAlicante=158, casosCastellon=45, casosValencia=220
fecha=2022-02-28, casosComunidad=2041, hombres=897, mujeres=1128, casosAlicante=686, casosCastellon=288, casosValencia=1067
fecha=2022-03-01, casosComunidad=1543, hombres=644, mujeres=896, casosAlicante=566, casosCastellon=171, casosValencia=806
fecha=2022-03-02, casosComunidad=1583, hombres=687, mujeres=889, casosAlicante=524, casosCastellon=178, casosValencia=881
fecha=2022-03-03, casosComunidad=1472, hombres=644, mujeres=823, casosAlicante=553, casosCastellon=116, casosValencia=803
fecha=2022-03-04, casosComunidad=1329, hombres=594, mujeres=733, casosAlicante=454, casosCastellon=166, casosValencia=709
fecha=2022-03-05, casosComunidad=655, hombres=281, mujeres=368, casosAlicante=215, casosCastellon=92, casosValencia=348
fecha=2022-03-06, casosComunidad=382, hombres=165, mujeres=215, casosAlicante=175, casosCastellon=27, casosValencia=180
fecha=2022-03-07, casosComunidad=1559, hombres=705, mujeres=851, casosAlicante=580, casosCastellon=160, casosValencia=819
fecha=2022-03-08, casosComunidad=1354, hombres=594, mujeres=755, casosAlicante=498, casosCastellon=130, casosValencia=726
fecha=2022-03-09, casosComunidad=1507, hombres=658, mujeres=842, casosAlicante=601, casosCastellon=134, casosValencia=772
fecha=2022-03-10, casosComunidad=1400, hombres=585, mujeres=808, casosAlicante=531, casosCastellon=138, casosValencia=731
fecha=2022-03-11, casosComunidad=1281, hombres=567, mujeres=710, casosAlicante=477, casosCastellon=109, casosValencia=695
fecha=2022-03-12, casosComunidad=650, hombres=273, mujeres=373, casosAlicante=229, casosCastellon=69, casosValencia=352
fecha=2022-03-13, casosComunidad=455, hombres=207, mujeres=248, casosAlicante=190, casosCastellon=33, casosValencia=232
fecha=2022-03-14, casosComunidad=1761, hombres=767, mujeres=991, casosAlicante=641, casosCastellon=180, casosValencia=940
fecha=2022-03-15, casosComunidad=1527, hombres=657, mujeres=866, casosAlicante=545, casosCastellon=146, casosValencia=836
fecha=2022-03-16, casosComunidad=1657, hombres=737, mujeres=918, casosAlicante=642, casosCastellon=147, casosValencia=868
fecha=2022-03-17, casosComunidad=1542, hombres=645, mujeres=897, casosAlicante=588, casosCastellon=140, casosValencia=814
fecha=2022-03-18, casosComunidad=1081, hombres=450, mujeres=627, casosAlicante=542, casosCastellon=130, casosValencia=409
fecha=2022-03-19, casosComunidad=537, hombres=229, mujeres=308, casosAlicante=199, casosCastellon=40, casosValencia=298
fecha=2022-03-20, casosComunidad=829, hombres=328, mujeres=495, casosAlicante=208, casosCastellon=46, casosValencia=575
fecha=2022-03-21, casosComunidad=3518, hombres=1445, mujeres=2070, casosAlicante=693, casosCastellon=175, casosValencia=2650
fecha=2022-03-22, casosComunidad=4010, hombres=1553, mujeres=2455, casosAlicante=710, casosCastellon=282, casosValencia=3018
fecha=2022-03-23, casosComunidad=4113, hombres=1676, mujeres=2437, casosAlicante=661, casosCastellon=301, casosValencia=3151
fecha=2022-03-24, casosComunidad=3372, hombres=1352, mujeres=2019, casosAlicante=591, casosCastellon=281, casosValencia=2500
fecha=2022-03-25, casosComunidad=2796, hombres=1228, mujeres=1567, casosAlicante=520, casosCastellon=216, casosValencia=2060
fecha=2022-03-26, casosComunidad=1280, hombres=524, mujeres=753, casosAlicante=234, casosCastellon=151, casosValencia=895
fecha=2022-03-27, casosComunidad=797, hombres=337, mujeres=457, casosAlicante=173, casosCastellon=112, casosValencia=512
fecha=2022-03-28, casosComunidad=2106, hombres=847, mujeres=1259, casosAlicante=420, casosCastellon=500, casosValencia=1186
fecha=2022-03-29, casosComunidad=1544, hombres=596, mujeres=947, casosAlicante=348, casosCastellon=409, casosValencia=787
fecha=2022-03-30, casosComunidad=1637, hombres=666, mujeres=969, casosAlicante=377, casosCastellon=534, casosValencia=726
fecha=2022-03-31, casosComunidad=1336, hombres=546, mujeres=789, casosAlicante=244, casosCastellon=445, casosValencia=647
fecha=2022-04-01, casosComunidad=1224, hombres=488, mujeres=734, casosAlicante=228, casosCastellon=394, casosValencia=602
fecha=2022-04-02, casosComunidad=496, hombres=197, mujeres=294, casosAlicante=113, casosCastellon=139, casosValencia=244
fecha=2022-04-03, casosComunidad=289, hombres=111, mujeres=175, casosAlicante=66, casosCastellon=76, casosValencia=147
fecha=2022-04-04, casosComunidad=1544, hombres=590, mujeres=946, casosAlicante=380, casosCastellon=441, casosValencia=723
fecha=2022-04-05, casosComunidad=1337, hombres=532, mujeres=803, casosAlicante=288, casosCastellon=400, casosValencia=649
fecha=2022-04-06, casosComunidad=1334, hombres=531, mujeres=800, casosAlicante=257, casosCastellon=342, casosValencia=735
fecha=2022-04-07, casosComunidad=1261, hombres=514, mujeres=744, casosAlicante=291, casosCastellon=399, casosValencia=571
fecha=2022-04-08, casosComunidad=1390, hombres=571, mujeres=815, casosAlicante=380, casosCastellon=339, casosValencia=670
fecha=2022-04-09, casosComunidad=616, hombres=240, mujeres=373, casosAlicante=186, casosCastellon=153, casosValencia=277
fecha=2022-04-10, casosComunidad=444, hombres=184, mujeres=258, casosAlicante=154, casosCastellon=116, casosValencia=174
fecha=2022-04-11, casosComunidad=1727, hombres=696, mujeres=1029, casosAlicante=421, casosCastellon=458, casosValencia=848
fecha=2022-04-12, casosComunidad=1843, hombres=750, mujeres=1090, casosAlicante=450, casosCastellon=497, casosValencia=896
fecha=2022-04-13, casosComunidad=1611, hombres=630, mujeres=975, casosAlicante=365, casosCastellon=453, casosValencia=793
fecha=2022-04-14, casosComunidad=602, hombres=245, mujeres=356, casosAlicante=184, casosCastellon=156, casosValencia=262
fecha=2022-04-15, casosComunidad=483, hombres=164, mujeres=319, casosAlicante=164, casosCastellon=128, casosValencia=191
fecha=2022-04-16, casosComunidad=754, hombres=280, mujeres=474, casosAlicante=232, casosCastellon=168, casosValencia=354
fecha=2022-04-17, casosComunidad=542, hombres=214, mujeres=327, casosAlicante=183, casosCastellon=112, casosValencia=247
fecha=2022-04-18, casosComunidad=689, hombres=265, mujeres=424, casosAlicante=245, casosCastellon=172, casosValencia=272
fecha=2022-04-19, casosComunidad=2299, hombres=947, mujeres=1348, casosAlicante=722, casosCastellon=464, casosValencia=1113
fecha=2022-04-20, casosComunidad=1873, hombres=758, mujeres=1113, casosAlicante=597, casosCastellon=434, casosValencia=842
fecha=2022-04-21, casosComunidad=1753, hombres=681, mujeres=1071, casosAlicante=580, casosCastellon=407, casosValencia=766
fecha=2022-04-22, casosComunidad=1632, hombres=654, mujeres=977, casosAlicante=562, casosCastellon=333, casosValencia=737
fecha=2022-04-23, casosComunidad=696, hombres=311, mujeres=383, casosAlicante=205, casosCastellon=173, casosValencia=318
fecha=2022-04-24, casosComunidad=464, hombres=195, mujeres=263, casosAlicante=177, casosCastellon=108, casosValencia=179
fecha=2022-04-25, casosComunidad=1303, hombres=519, mujeres=782, casosAlicante=630, casosCastellon=314, casosValencia=359
fecha=2022-04-26, casosComunidad=2075, hombres=831, mujeres=1243, casosAlicante=629, casosCastellon=322, casosValencia=1124
fecha=2022-04-27, casosComunidad=2218, hombres=856, mujeres=1357, casosAlicante=769, casosCastellon=367, casosValencia=1082
fecha=2022-04-28, casosComunidad=1898, hombres=766, mujeres=1129, casosAlicante=558, casosCastellon=261, casosValencia=1079
fecha=2022-04-29, casosComunidad=1904, hombres=767, mujeres=1134, casosAlicante=770, casosCastellon=220, casosValencia=914
fecha=2022-04-30, casosComunidad=878, hombres=349, mujeres=529, casosAlicante=312, casosCastellon=120, casosValencia=446
fecha=2022-05-01, casosComunidad=513, hombres=217, mujeres=292, casosAlicante=214, casosCastellon=75, casosValencia=224
fecha=2022-05-02, casosComunidad=2434, hombres=975, mujeres=1455, casosAlicante=846, casosCastellon=279, casosValencia=1308
fecha=2022-05-03, casosComunidad=2161, hombres=830, mujeres=1331, casosAlicante=777, casosCastellon=251, casosValencia=1133
fecha=2022-05-04, casosComunidad=2050, hombres=838, mujeres=1211, casosAlicante=702, casosCastellon=254, casosValencia=1094
fecha=2022-05-05, casosComunidad=1957, hombres=773, mujeres=1184, casosAlicante=728, casosCastellon=249, casosValencia=980
fecha=2022-05-06, casosComunidad=1967, hombres=780, mujeres=1187, casosAlicante=725, casosCastellon=211, casosValencia=1031
fecha=2022-05-07, casosComunidad=738, hombres=346, mujeres=392, casosAlicante=242, casosCastellon=102, casosValencia=394
fecha=2022-05-08, casosComunidad=585, hombres=242, mujeres=342, casosAlicante=237, casosCastellon=115, casosValencia=233
fecha=2022-05-09, casosComunidad=2559, hombres=1054, mujeres=1505, casosAlicante=825, casosCastellon=360, casosValencia=1374
fecha=2022-05-10, casosComunidad=2365, hombres=922, mujeres=1441, casosAlicante=755, casosCastellon=327, casosValencia=1283
fecha=2022-05-11, casosComunidad=2221, hombres=875, mujeres=1343, casosAlicante=772, casosCastellon=266, casosValencia=1183
fecha=2022-05-12, casosComunidad=2018, hombres=799, mujeres=1217, casosAlicante=693, casosCastellon=237, casosValencia=1088
fecha=2022-05-13, casosComunidad=2054, hombres=800, mujeres=1251, casosAlicante=689, casosCastellon=233, casosValencia=1132
fecha=2022-05-14, casosComunidad=817, hombres=341, mujeres=473, casosAlicante=243, casosCastellon=154, casosValencia=420
fecha=2022-05-15, casosComunidad=519, hombres=203, mujeres=315, casosAlicante=191, casosCastellon=108, casosValencia=220
fecha=2022-05-16, casosComunidad=2489, hombres=988, mujeres=1497, casosAlicante=820, casosCastellon=318, casosValencia=1351
fecha=2022-05-17, casosComunidad=2108, hombres=850, mujeres=1256, casosAlicante=687, casosCastellon=245, casosValencia=1176
fecha=2022-05-18, casosComunidad=1726, hombres=675, mujeres=1040, casosAlicante=567, casosCastellon=239, casosValencia=920
fecha=2022-05-19, casosComunidad=1759, hombres=700, mujeres=1055, casosAlicante=543, casosCastellon=224, casosValencia=992
fecha=2022-05-20, casosComunidad=1529, hombres=584, mujeres=942, casosAlicante=513, casosCastellon=206, casosValencia=810
fecha=2022-05-21, casosComunidad=525, hombres=204, mujeres=317, casosAlicante=144, casosCastellon=91, casosValencia=290
fecha=2022-05-22, casosComunidad=376, hombres=154, mujeres=221, casosAlicante=135, casosCastellon=59, casosValencia=182
fecha=2022-05-23, casosComunidad=1738, hombres=699, mujeres=1031, casosAlicante=521, casosCastellon=253, casosValencia=964
fecha=2022-05-24, casosComunidad=1391, hombres=544, mujeres=846, casosAlicante=404, casosCastellon=187, casosValencia=800
fecha=2022-05-25, casosComunidad=1189, hombres=474, mujeres=705, casosAlicante=392, casosCastellon=178, casosValencia=619
fecha=2022-05-26, casosComunidad=1144, hombres=445, mujeres=693, casosAlicante=346, casosCastellon=171, casosValencia=627
fecha=2022-05-27, casosComunidad=1022, hombres=383, mujeres=637, casosAlicante=332, casosCastellon=151, casosValencia=539
fecha=2022-05-28, casosComunidad=412, hombres=178, mujeres=231, casosAlicante=147, casosCastellon=68, casosValencia=197
fecha=2022-05-29, casosComunidad=339, hombres=153, mujeres=185, casosAlicante=122, casosCastellon=59, casosValencia=158
fecha=2022-05-30, casosComunidad=1303, hombres=553, mujeres=749, casosAlicante=399, casosCastellon=163, casosValencia=741
fecha=2022-05-31, casosComunidad=1173, hombres=451, mujeres=718, casosAlicante=401, casosCastellon=152, casosValencia=620
fecha=2022-06-01, casosComunidad=1126, hombres=439, mujeres=686, casosAlicante=407, casosCastellon=123, casosValencia=596
fecha=2022-06-02, casosComunidad=1024, hombres=399, mujeres=625, casosAlicante=349, casosCastellon=132, casosValencia=543
fecha=2022-06-03, casosComunidad=939, hombres=380, mujeres=558, casosAlicante=297, casosCastellon=118, casosValencia=522
fecha=2022-06-04, casosComunidad=396, hombres=185, mujeres=208, casosAlicante=125, casosCastellon=62, casosValencia=209
fecha=2022-06-05, casosComunidad=282, hombres=110, mujeres=172, casosAlicante=94, casosCastellon=53, casosValencia=135
fecha=2022-06-06, casosComunidad=1145, hombres=426, mujeres=717, casosAlicante=365, casosCastellon=117, casosValencia=663
fecha=2022-06-07, casosComunidad=1039, hombres=432, mujeres=605, casosAlicante=330, casosCastellon=104, casosValencia=605
fecha=2022-06-08, casosComunidad=993, hombres=382, mujeres=607, casosAlicante=323, casosCastellon=110, casosValencia=560
fecha=2022-06-09, casosComunidad=1021, hombres=399, mujeres=619, casosAlicante=347, casosCastellon=114, casosValencia=560
fecha=2022-06-10, casosComunidad=890, hombres=356, mujeres=533, casosAlicante=319, casosCastellon=80, casosValencia=491
fecha=2022-06-11, casosComunidad=428, hombres=172, mujeres=254, casosAlicante=135, casosCastellon=43, casosValencia=250
fecha=2022-06-12, casosComunidad=376, hombres=158, mujeres=218, casosAlicante=141, casosCastellon=57, casosValencia=178
fecha=2022-06-13, casosComunidad=1371, hombres=553, mujeres=817, casosAlicante=415, casosCastellon=119, casosValencia=837
fecha=2022-06-14, casosComunidad=1236, hombres=517, mujeres=719, casosAlicante=408, casosCastellon=113, casosValencia=715
fecha=2022-06-15, casosComunidad=1290, hombres=502, mujeres=782, casosAlicante=417, casosCastellon=125, casosValencia=748
fecha=2022-06-16, casosComunidad=1270, hombres=501, mujeres=765, casosAlicante=401, casosCastellon=131, casosValencia=738
fecha=2022-06-17, casosComunidad=1263, hombres=518, mujeres=739, casosAlicante=420, casosCastellon=111, casosValencia=732
fecha=2022-06-18, casosComunidad=587, hombres=238, mujeres=349, casosAlicante=183, casosCastellon=69, casosValencia=335
fecha=2022-06-19, casosComunidad=458, hombres=187, mujeres=270, casosAlicante=186, casosCastellon=55, casosValencia=217
fecha=2022-06-20, casosComunidad=1934, hombres=785, mujeres=1147, casosAlicante=566, casosCastellon=203, casosValencia=1165
fecha=2022-06-21, casosComunidad=1888, hombres=737, mujeres=1144, casosAlicante=592, casosCastellon=201, casosValencia=1095
fecha=2022-06-22, casosComunidad=1833, hombres=727, mujeres=1103, casosAlicante=487, casosCastellon=186, casosValencia=1160
fecha=2022-06-23, casosComunidad=1892, hombres=740, mujeres=1126, casosAlicante=491, casosCastellon=209, casosValencia=1192
fecha=2022-06-24, casosComunidad=738, hombres=316, mujeres=419, casosAlicante=248, casosCastellon=99, casosValencia=391
fecha=2022-06-25, casosComunidad=1157, hombres=459, mujeres=671, casosAlicante=406, casosCastellon=132, casosValencia=619
fecha=2022-06-26, casosComunidad=901, hombres=383, mujeres=518, casosAlicante=297, casosCastellon=147, casosValencia=457
fecha=2022-06-27, casosComunidad=3464, hombres=1382, mujeres=2075, casosAlicante=1015, casosCastellon=316, casosValencia=2133
fecha=2022-06-28, casosComunidad=3266, hombres=1322, mujeres=1936, casosAlicante=973, casosCastellon=279, casosValencia=2014
fecha=2022-06-29, casosComunidad=3169, hombres=1269, mujeres=1895, casosAlicante=988, casosCastellon=262, casosValencia=1919
fecha=2022-06-30, casosComunidad=2878, hombres=1182, mujeres=1693, casosAlicante=930, casosCastellon=292, casosValencia=1656
fecha=2022-07-01, casosComunidad=2788, hombres=1157, mujeres=1626, casosAlicante=875, casosCastellon=323, casosValencia=1590
fecha=2022-07-02, casosComunidad=1292, hombres=543, mujeres=747, casosAlicante=410, casosCastellon=213, casosValencia=669
fecha=2022-07-03, casosComunidad=971, hombres=434, mujeres=537, casosAlicante=332, casosCastellon=161, casosValencia=477
fecha=2022-07-04, casosComunidad=3520, hombres=1424, mujeres=2071, casosAlicante=1013, casosCastellon=469, casosValencia=2038
fecha=2022-07-05, casosComunidad=3103, hombres=1276, mujeres=1822, casosAlicante=890, casosCastellon=396, casosValencia=1817
fecha=2022-07-06, casosComunidad=2917, hombres=1187, mujeres=1725, casosAlicante=857, casosCastellon=395, casosValencia=1665
fecha=2022-07-07, casosComunidad=2635, hombres=1047, mujeres=1578, casosAlicante=697, casosCastellon=374, casosValencia=1564
fecha=2022-07-08, casosComunidad=2574, hombres=1080, mujeres=1482, casosAlicante=723, casosCastellon=362, casosValencia=1489
fecha=2022-07-09, casosComunidad=1002, hombres=385, mujeres=610, casosAlicante=279, casosCastellon=188, casosValencia=534
fecha=2022-07-10, casosComunidad=680, hombres=301, mujeres=378, casosAlicante=190, casosCastellon=142, casosValencia=348
fecha=2022-07-11, casosComunidad=2687, hombres=1094, mujeres=1586, casosAlicante=687, casosCastellon=450, casosValencia=1550
fecha=2022-07-12, casosComunidad=2356, hombres=996, mujeres=1353, casosAlicante=559, casosCastellon=355, casosValencia=1442
fecha=2022-07-13, casosComunidad=2030, hombres=842, mujeres=1185, casosAlicante=485, casosCastellon=301, casosValencia=1243
fecha=2022-07-14, casosComunidad=1866, hombres=771, mujeres=1089, casosAlicante=474, casosCastellon=266, casosValencia=1126
fecha=2022-07-15, casosComunidad=1682, hombres=700, mujeres=976, casosAlicante=434, casosCastellon=253, casosValencia=995
fecha=2022-07-16, casosComunidad=729, hombres=312, mujeres=416, casosAlicante=201, casosCastellon=125, casosValencia=403
fecha=2022-07-17, casosComunidad=509, hombres=227, mujeres=280, casosAlicante=151, casosCastellon=115, casosValencia=242
fecha=2022-07-18, casosComunidad=1983, hombres=828, mujeres=1151, casosAlicante=536, casosCastellon=272, casosValencia=1175
fecha=2022-07-19, casosComunidad=1486, hombres=581, mujeres=903, casosAlicante=413, casosCastellon=217, casosValencia=856
fecha=2022-07-20, casosComunidad=1566, hombres=639, mujeres=926, casosAlicante=402, casosCastellon=228, casosValencia=936
fecha=2022-07-21, casosComunidad=1404, hombres=584, mujeres=812, casosAlicante=396, casosCastellon=189, casosValencia=819
fecha=2022-07-22, casosComunidad=1343, hombres=567, mujeres=774, casosAlicante=412, casosCastellon=183, casosValencia=748
fecha=2022-07-23, casosComunidad=542, hombres=234, mujeres=306, casosAlicante=171, casosCastellon=86, casosValencia=285
fecha=2022-07-24, casosComunidad=381, hombres=159, mujeres=221, casosAlicante=135, casosCastellon=54, casosValencia=192
fecha=2022-07-25, casosComunidad=1394, hombres=592, mujeres=801, casosAlicante=409, casosCastellon=184, casosValencia=801
fecha=2022-07-26, casosComunidad=1194, hombres=494, mujeres=697, casosAlicante=340, casosCastellon=189, casosValencia=665
fecha=2022-07-27, casosComunidad=1091, hombres=489, mujeres=599, casosAlicante=329, casosCastellon=137, casosValencia=625
fecha=2022-07-28, casosComunidad=989, hombres=397, mujeres=588, casosAlicante=300, casosCastellon=148, casosValencia=541
fecha=2022-07-29, casosComunidad=903, hombres=369, mujeres=530, casosAlicante=285, casosCastellon=132, casosValencia=486
fecha=2022-07-30, casosComunidad=402, hombres=172, mujeres=228, casosAlicante=133, casosCastellon=72, casosValencia=197
fecha=2022-07-31, casosComunidad=334, hombres=145, mujeres=186, casosAlicante=127, casosCastellon=64, casosValencia=143
fecha=2022-08-01, casosComunidad=993, hombres=400, mujeres=588, casosAlicante=321, casosCastellon=125, casosValencia=547
fecha=2022-08-02, casosComunidad=818, hombres=341, mujeres=475, casosAlicante=278, casosCastellon=115, casosValencia=424
fecha=2022-08-03, casosComunidad=785, hombres=333, mujeres=452, casosAlicante=242, casosCastellon=84, casosValencia=457
fecha=2022-08-04, casosComunidad=675, hombres=266, mujeres=407, casosAlicante=242, casosCastellon=98, casosValencia=335
fecha=2022-08-05, casosComunidad=657, hombres=289, mujeres=367, casosAlicante=204, casosCastellon=77, casosValencia=376
fecha=2022-08-06, casosComunidad=270, hombres=120, mujeres=149, casosAlicante=76, casosCastellon=55, casosValencia=139
fecha=2022-08-07, casosComunidad=235, hombres=107, mujeres=128, casosAlicante=87, casosCastellon=28, casosValencia=120
fecha=2022-08-08, casosComunidad=724, hombres=310, mujeres=412, casosAlicante=214, casosCastellon=76, casosValencia=433
fecha=2022-08-09, casosComunidad=591, hombres=249, mujeres=340, casosAlicante=188, casosCastellon=84, casosValencia=319
fecha=2022-08-10, casosComunidad=540, hombres=218, mujeres=320, casosAlicante=174, casosCastellon=79, casosValencia=287
fecha=2022-08-11, casosComunidad=523, hombres=239, mujeres=284, casosAlicante=160, casosCastellon=82, casosValencia=281
fecha=2022-08-12, casosComunidad=466, hombres=189, mujeres=277, casosAlicante=122, casosCastellon=75, casosValencia=269
fecha=2022-08-13, casosComunidad=225, hombres=91, mujeres=134, casosAlicante=67, casosCastellon=50, casosValencia=108
fecha=2022-08-14, casosComunidad=157, hombres=56, mujeres=101, casosAlicante=53, casosCastellon=31, casosValencia=73
fecha=2022-08-15, casosComunidad=185, hombres=84, mujeres=101, casosAlicante=66, casosCastellon=27, casosValencia=92
fecha=2022-08-16, casosComunidad=522, hombres=212, mujeres=310, casosAlicante=183, casosCastellon=81, casosValencia=258
fecha=2022-08-17, casosComunidad=464, hombres=200, mujeres=264, casosAlicante=174, casosCastellon=59, casosValencia=231
fecha=2022-08-18, casosComunidad=516, hombres=207, mujeres=309, casosAlicante=159, casosCastellon=60, casosValencia=297
fecha=2022-08-19, casosComunidad=454, hombres=184, mujeres=269, casosAlicante=151, casosCastellon=56, casosValencia=247
fecha=2022-08-20, casosComunidad=206, hombres=96, mujeres=110, casosAlicante=59, casosCastellon=33, casosValencia=114
fecha=2022-08-21, casosComunidad=147, hombres=60, mujeres=87, casosAlicante=51, casosCastellon=26, casosValencia=70
fecha=2022-08-22, casosComunidad=545, hombres=221, mujeres=323, casosAlicante=154, casosCastellon=71, casosValencia=320
fecha=2022-08-23, casosComunidad=490, hombres=210, mujeres=280, casosAlicante=151, casosCastellon=71, casosValencia=268
fecha=2022-08-24, casosComunidad=433, hombres=184, mujeres=249, casosAlicante=119, casosCastellon=61, casosValencia=253
fecha=2022-08-25, casosComunidad=392, hombres=167, mujeres=225, casosAlicante=92, casosCastellon=60, casosValencia=240
fecha=2022-08-26, casosComunidad=383, hombres=166, mujeres=216, casosAlicante=95, casosCastellon=63, casosValencia=225
fecha=2022-08-27, casosComunidad=164, hombres=64, mujeres=100, casosAlicante=52, casosCastellon=27, casosValencia=85
fecha=2022-08-28, casosComunidad=173, hombres=81, mujeres=92, casosAlicante=49, casosCastellon=31, casosValencia=93
fecha=2022-08-29, casosComunidad=391, hombres=152, mujeres=238, casosAlicante=103, casosCastellon=55, casosValencia=233
fecha=2022-08-30, casosComunidad=362, hombres=167, mujeres=195, casosAlicante=97, casosCastellon=79, casosValencia=186
fecha=2022-08-31, casosComunidad=372, hombres=161, mujeres=211, casosAlicante=80, casosCastellon=71, casosValencia=220
fecha=2022-09-01, casosComunidad=311, hombres=142, mujeres=168, casosAlicante=76, casosCastellon=58, casosValencia=177
fecha=2022-09-02, casosComunidad=356, hombres=152, mujeres=204, casosAlicante=99, casosCastellon=68, casosValencia=189
fecha=2022-09-03, casosComunidad=160, hombres=56, mujeres=103, casosAlicante=32, casosCastellon=30, casosValencia=97
fecha=2022-09-04, casosComunidad=122, hombres=59, mujeres=62, casosAlicante=27, casosCastellon=20, casosValencia=75
fecha=2022-09-05, casosComunidad=367, hombres=164, mujeres=203, casosAlicante=90, casosCastellon=54, casosValencia=223
fecha=2022-09-06, casosComunidad=352, hombres=142, mujeres=210, casosAlicante=72, casosCastellon=58, casosValencia=222
fecha=2022-09-07, casosComunidad=343, hombres=130, mujeres=213, casosAlicante=71, casosCastellon=58, casosValencia=214
fecha=2022-09-08, casosComunidad=260, hombres=95, mujeres=165, casosAlicante=45, casosCastellon=51, casosValencia=164
fecha=2022-09-09, casosComunidad=321, hombres=136, mujeres=184, casosAlicante=66, casosCastellon=54, casosValencia=201
fecha=2022-09-10, casosComunidad=137, hombres=63, mujeres=74, casosAlicante=35, casosCastellon=21, casosValencia=81
fecha=2022-09-11, casosComunidad=123, hombres=54, mujeres=69, casosAlicante=39, casosCastellon=15, casosValencia=69
fecha=2022-09-12, casosComunidad=407, hombres=164, mujeres=243, casosAlicante=92, casosCastellon=52, casosValencia=263
fecha=2022-09-13, casosComunidad=355, hombres=152, mujeres=202, casosAlicante=81, casosCastellon=55, casosValencia=219
fecha=2022-09-14, casosComunidad=317, hombres=141, mujeres=176, casosAlicante=79, casosCastellon=46, casosValencia=191
fecha=2022-09-15, casosComunidad=311, hombres=131, mujeres=180, casosAlicante=65, casosCastellon=45, casosValencia=201
fecha=2022-09-16, casosComunidad=309, hombres=139, mujeres=169, casosAlicante=77, casosCastellon=42, casosValencia=190
fecha=2022-09-17, casosComunidad=123, hombres=58, mujeres=65, casosAlicante=31, casosCastellon=21, casosValencia=71
fecha=2022-09-18, casosComunidad=101, hombres=38, mujeres=63, casosAlicante=25, casosCastellon=18, casosValencia=58
fecha=2022-09-19, casosComunidad=379, hombres=158, mujeres=220, casosAlicante=73, casosCastellon=49, casosValencia=257
fecha=2022-09-20, casosComunidad=388, hombres=186, mujeres=202, casosAlicante=91, casosCastellon=58, casosValencia=239
fecha=2022-09-21, casosComunidad=380, hombres=169, mujeres=210, casosAlicante=90, casosCastellon=43, casosValencia=247
fecha=2022-09-22, casosComunidad=317, hombres=137, mujeres=180, casosAlicante=71, casosCastellon=47, casosValencia=199
fecha=2022-09-23, casosComunidad=306, hombres=109, mujeres=196, casosAlicante=68, casosCastellon=49, casosValencia=189
fecha=2022-09-24, casosComunidad=121, hombres=55, mujeres=65, casosAlicante=31, casosCastellon=28, casosValencia=62
fecha=2022-09-25, casosComunidad=104, hombres=59, mujeres=44, casosAlicante=32, casosCastellon=17, casosValencia=55
fecha=2022-09-26, casosComunidad=447, hombres=179, mujeres=266, casosAlicante=93, casosCastellon=69, casosValencia=285
fecha=2022-09-27, casosComunidad=336, hombres=146, mujeres=189, casosAlicante=74, casosCastellon=44, casosValencia=218
fecha=2022-09-28, casosComunidad=337, hombres=125, mujeres=212, casosAlicante=72, casosCastellon=53, casosValencia=212
fecha=2022-09-29, casosComunidad=333, hombres=141, mujeres=192, casosAlicante=81, casosCastellon=38, casosValencia=214
fecha=2022-09-30, casosComunidad=306, hombres=114, mujeres=189, casosAlicante=69, casosCastellon=50, casosValencia=187
fecha=2022-10-01, casosComunidad=130, hombres=56, mujeres=73, casosAlicante=35, casosCastellon=22, casosValencia=73
fecha=2022-10-02, casosComunidad=131, hombres=56, mujeres=75, casosAlicante=36, casosCastellon=23, casosValencia=72
fecha=2022-10-03, casosComunidad=468, hombres=179, mujeres=288, casosAlicante=100, casosCastellon=68, casosValencia=300
fecha=2022-10-04, casosComunidad=451, hombres=180, mujeres=271, casosAlicante=80, casosCastellon=59, casosValencia=312
fecha=2022-10-05, casosComunidad=424, hombres=164, mujeres=260, casosAlicante=97, casosCastellon=41, casosValencia=286
fecha=2022-10-06, casosComunidad=427, hombres=167, mujeres=259, casosAlicante=99, casosCastellon=74, casosValencia=254
fecha=2022-10-07, casosComunidad=386, hombres=163, mujeres=222, casosAlicante=95, casosCastellon=51, casosValencia=240
fecha=2022-10-08, casosComunidad=188, hombres=73, mujeres=115, casosAlicante=44, casosCastellon=26, casosValencia=117
fecha=2022-10-09, casosComunidad=150, hombres=58, mujeres=90, casosAlicante=36, casosCastellon=26, casosValencia=88
fecha=2022-10-10, casosComunidad=485, hombres=205, mujeres=279, casosAlicante=109, casosCastellon=56, casosValencia=320
fecha=2022-10-11, casosComunidad=373, hombres=158, mujeres=215, casosAlicante=89, casosCastellon=46, casosValencia=238
fecha=2022-10-12, casosComunidad=115, hombres=57, mujeres=58, casosAlicante=29, casosCastellon=19, casosValencia=67
fecha=2022-10-13, casosComunidad=376, hombres=184, mujeres=191, casosAlicante=96, casosCastellon=46, casosValencia=234
fecha=2022-10-14, casosComunidad=393, hombres=164, mujeres=227, casosAlicante=98, casosCastellon=54, casosValencia=241
fecha=2022-10-15, casosComunidad=166, hombres=78, mujeres=88, casosAlicante=49, casosCastellon=22, casosValencia=95
fecha=2022-10-16, casosComunidad=130, hombres=58, mujeres=72, casosAlicante=36, casosCastellon=29, casosValencia=65
fecha=2022-10-17, casosComunidad=464, hombres=192, mujeres=272, casosAlicante=122, casosCastellon=57, casosValencia=285
fecha=2022-10-18, casosComunidad=365, hombres=158, mujeres=206, casosAlicante=95, casosCastellon=52, casosValencia=218
fecha=2022-10-19, casosComunidad=363, hombres=146, mujeres=215, casosAlicante=99, casosCastellon=51, casosValencia=213
fecha=2022-10-20, casosComunidad=367, hombres=142, mujeres=225, casosAlicante=81, casosCastellon=44, casosValencia=242
fecha=2022-10-21, casosComunidad=289, hombres=113, mujeres=176, casosAlicante=70, casosCastellon=47, casosValencia=172
fecha=2022-10-22, casosComunidad=133, hombres=45, mujeres=87, casosAlicante=37, casosCastellon=18, casosValencia=77
fecha=2022-10-23, casosComunidad=134, hombres=56, mujeres=77, casosAlicante=40, casosCastellon=18, casosValencia=76
fecha=2022-10-24, casosComunidad=461, hombres=185, mujeres=272, casosAlicante=113, casosCastellon=59, casosValencia=289
fecha=2022-10-25, casosComunidad=329, hombres=140, mujeres=189, casosAlicante=86, casosCastellon=32, casosValencia=211
fecha=2022-10-26, casosComunidad=326, hombres=135, mujeres=189, casosAlicante=87, casosCastellon=41, casosValencia=198
fecha=2022-10-27, casosComunidad=350, hombres=142, mujeres=207, casosAlicante=77, casosCastellon=52, casosValencia=221
fecha=2022-10-28, casosComunidad=331, hombres=136, mujeres=195, casosAlicante=89, casosCastellon=42, casosValencia=200
fecha=2022-10-29, casosComunidad=153, hombres=63, mujeres=89, casosAlicante=32, casosCastellon=19, casosValencia=102
fecha=2022-10-30, casosComunidad=121, hombres=55, mujeres=66, casosAlicante=24, casosCastellon=19, casosValencia=78
fecha=2022-10-31, casosComunidad=390, hombres=149, mujeres=241, casosAlicante=93, casosCastellon=53, casosValencia=244
fecha=2022-11-01, casosComunidad=133, hombres=63, mujeres=70, casosAlicante=35, casosCastellon=20, casosValencia=78
fecha=2022-11-02, casosComunidad=419, hombres=164, mujeres=254, casosAlicante=79, casosCastellon=46, casosValencia=294
fecha=2022-11-03, casosComunidad=357, hombres=151, mujeres=205, casosAlicante=79, casosCastellon=53, casosValencia=225
fecha=2022-11-04, casosComunidad=314, hombres=126, mujeres=187, casosAlicante=75, casosCastellon=46, casosValencia=193
fecha=2022-11-05, casosComunidad=139, hombres=54, mujeres=85, casosAlicante=33, casosCastellon=17, casosValencia=89
fecha=2022-11-07, casosComunidad=361, hombres=136, mujeres=224, casosAlicante=69, casosCastellon=56, casosValencia=236
fecha=2022-11-08, casosComunidad=375, hombres=152, mujeres=220, casosAlicante=98, casosCastellon=45, casosValencia=232
fecha=2022-11-09, casosComunidad=360, hombres=128, mujeres=232, casosAlicante=84, casosCastellon=44, casosValencia=232
fecha=2022-11-10, casosComunidad=326, hombres=135, mujeres=191, casosAlicante=75, casosCastellon=54, casosValencia=197
fecha=2022-11-11, casosComunidad=294, hombres=127, mujeres=167, casosAlicante=54, casosCastellon=31, casosValencia=209
fecha=2022-11-12, casosComunidad=134, hombres=59, mujeres=75, casosAlicante=39, casosCastellon=22, casosValencia=73
fecha=2022-11-13, casosComunidad=118, hombres=53, mujeres=65, casosAlicante=27, casosCastellon=36, casosValencia=55
fecha=2022-11-14, casosComunidad=451, hombres=183, mujeres=268, casosAlicante=70, casosCastellon=56, casosValencia=325
fecha=2022-11-15, casosComunidad=387, hombres=144, mujeres=243, casosAlicante=94, casosCastellon=61, casosValencia=232
fecha=2022-11-16, casosComunidad=377, hombres=152, mujeres=224, casosAlicante=70, casosCastellon=52, casosValencia=255
fecha=2022-11-17, casosComunidad=314, hombres=137, mujeres=177, casosAlicante=79, casosCastellon=41, casosValencia=194
fecha=2022-11-18, casosComunidad=308, hombres=108, mujeres=199, casosAlicante=74, casosCastellon=41, casosValencia=193
fecha=2022-11-19, casosComunidad=121, hombres=50, mujeres=70, casosAlicante=21, casosCastellon=24, casosValencia=76
fecha=2022-11-21, casosComunidad=428, hombres=172, mujeres=256, casosAlicante=83, casosCastellon=60, casosValencia=285
fecha=2022-11-22, casosComunidad=337, hombres=146, mujeres=191, casosAlicante=89, casosCastellon=43, casosValencia=205
fecha=2022-11-23, casosComunidad=356, hombres=160, mujeres=196, casosAlicante=91, casosCastellon=55, casosValencia=210
fecha=2022-11-24, casosComunidad=342, hombres=140, mujeres=202, casosAlicante=78, casosCastellon=33, casosValencia=231
fecha=2022-11-25, casosComunidad=330, hombres=144, mujeres=185, casosAlicante=88, casosCastellon=39, casosValencia=203
fecha=2022-11-26, casosComunidad=144, hombres=60, mujeres=84, casosAlicante=30, casosCastellon=36, casosValencia=78
fecha=2022-11-28, casosComunidad=429, hombres=167, mujeres=262, casosAlicante=93, casosCastellon=64, casosValencia=272
fecha=2022-11-29, casosComunidad=317, hombres=122, mujeres=195, casosAlicante=90, casosCastellon=39, casosValencia=188
fecha=2022-11-30, casosComunidad=366, hombres=154, mujeres=212, casosAlicante=75, casosCastellon=60, casosValencia=231
fecha=2022-12-01, casosComunidad=362, hombres=137, mujeres=225, casosAlicante=79, casosCastellon=63, casosValencia=220
fecha=2022-12-02, casosComunidad=294, hombres=119, mujeres=175, casosAlicante=57, casosCastellon=48, casosValencia=189
fecha=2022-12-03, casosComunidad=140, hombres=67, mujeres=73, casosAlicante=31, casosCastellon=27, casosValencia=82
fecha=2022-12-04, casosComunidad=106, hombres=45, mujeres=61, casosAlicante=32, casosCastellon=12, casosValencia=62
fecha=2022-12-05, casosComunidad=395, hombres=148, mujeres=247, casosAlicante=88, casosCastellon=69, casosValencia=238
fecha=2022-12-06, casosComunidad=129, hombres=51, mujeres=78, casosAlicante=39, casosCastellon=25, casosValencia=65
fecha=2022-12-07, casosComunidad=409, hombres=157, mujeres=251, casosAlicante=99, casosCastellon=60, casosValencia=250
fecha=2022-12-08, casosComunidad=137, hombres=65, mujeres=72, casosAlicante=34, casosCastellon=34, casosValencia=69
fecha=2022-12-09, casosComunidad=403, hombres=165, mujeres=238, casosAlicante=99, casosCastellon=65, casosValencia=239
fecha=2022-12-10, casosComunidad=163, hombres=88, mujeres=75, casosAlicante=42, casosCastellon=31, casosValencia=90
fecha=2022-12-11, casosComunidad=109, hombres=46, mujeres=63, casosAlicante=35, casosCastellon=17, casosValencia=57
fecha=2022-12-12, casosComunidad=441, hombres=185, mujeres=256, casosAlicante=107, casosCastellon=74, casosValencia=260
fecha=2022-12-13, casosComunidad=379, hombres=154, mujeres=225, casosAlicante=96, casosCastellon=67, casosValencia=216
fecha=2022-12-14, casosComunidad=355, hombres=142, mujeres=213, casosAlicante=89, casosCastellon=48, casosValencia=218
fecha=2022-12-15, casosComunidad=389, hombres=153, mujeres=236, casosAlicante=85, casosCastellon=53, casosValencia=251
fecha=2022-12-16, casosComunidad=298, hombres=120, mujeres=178, casosAlicante=72, casosCastellon=53, casosValencia=173
fecha=2022-12-17, casosComunidad=118, hombres=55, mujeres=63, casosAlicante=27, casosCastellon=22, casosValencia=69
fecha=2022-12-18, casosComunidad=110, hombres=56, mujeres=54, casosAlicante=32, casosCastellon=26, casosValencia=52
fecha=2022-12-19, casosComunidad=401, hombres=161, mujeres=240, casosAlicante=99, casosCastellon=65, casosValencia=237
fecha=2022-12-20, casosComunidad=319, hombres=126, mujeres=193, casosAlicante=94, casosCastellon=49, casosValencia=176
fecha=2022-12-21, casosComunidad=312, hombres=134, mujeres=178, casosAlicante=95, casosCastellon=57, casosValencia=160
fecha=2022-12-22, casosComunidad=307, hombres=123, mujeres=184, casosAlicante=83, casosCastellon=29, casosValencia=195
fecha=2022-12-23, casosComunidad=255, hombres=116, mujeres=139, casosAlicante=79, casosCastellon=27, casosValencia=149
fecha=2022-12-26, casosComunidad=261, hombres=100, mujeres=161, casosAlicante=69, casosCastellon=50, casosValencia=142
fecha=2022-12-27, casosComunidad=256, hombres=100, mujeres=156, casosAlicante=61, casosCastellon=54, casosValencia=141
fecha=2022-12-28, casosComunidad=269, hombres=104, mujeres=165, casosAlicante=72, casosCastellon=43, casosValencia=154
fecha=2022-12-29, casosComunidad=314, hombres=129, mujeres=185, casosAlicante=87, casosCastellon=45, casosValencia=182
fecha=2022-12-30, casosComunidad=300, hombres=116, mujeres=183, casosAlicante=89, casosCastellon=49, casosValencia=162
